{
  "local_model": {
    "accuracy": 0.608125,
    "f1": 0.6054234130765218,
    "loss": 1.2691131830215454
  },
  "hf_model": {
    "accuracy": 0.608125,
    "f1": 0.6054234130765218,
    "loss": 1.2691131830215454
  }
}